{"numero_cluster": 0, "numero_puntos": 3, "puntosX": [3.961517333984375, 3.9394359588623047, 3.952521800994873], "puntosY": [0.13833916187286377, 0.17199961841106415, 0.2071429342031479]}
{"numero_cluster": 1, "numero_puntos": 3, "puntosX": [3.9477555751800537, 3.9259533882141113, 3.9429421424865723], "puntosY": [0.3106949031352997, 0.34347638487815857, 0.37966227531433105]}
{"numero_cluster": 2, "numero_puntos": 8, "puntosX": [1.613337516784668, 1.5974714756011963, 1.5913381576538086, 1.585221767425537, 1.5861268043518066, 1.591881513595581, 1.5977108478546143, 1.6191439628601074], "puntosY": [0.41723760962486267, 0.4280412197113037, 0.4413171410560608, 0.4545552432537079, 0.46983227133750916, 0.486687034368515, 0.5037564039230347, 0.5260918736457825]}
